record_id,entity_alias,link_basis,publication_flag,workflow_status,available_date,event_date
R001,E001,DIRECT_KEY,1,published,2025-01-03,2025-01-02
R002,E001,DIRECT_KEY,0,review,2025-01-04,2025-01-03
R003,E002,DIRECT_KEY,1,published,2025-01-06,2025-01-05
R004,E003,DIRECT_KEY,0,pending,2025-01-07,2025-01-06
R005,,PROCESS_ONLY,0,process,2025-01-08,2025-01-07
R006,E004,DIRECT_KEY,1,published,2025-01-10,2025-01-09
R007,E004,DIRECT_KEY,1,published,2025-01-11,2025-01-10
R008,E005,DIRECT_KEY,0,review,2025-01-12,2025-01-11
R009,E006,DIRECT_KEY,1,published,2025-01-14,2025-01-13
R010,E006,DIRECT_KEY,0,review,2025-01-15,2025-01-14
R011,,PROCESS_ONLY,0,process,2025-01-16,2025-01-15
R012,E007,DIRECT_KEY,1,published,2025-01-18,2025-01-17
